{
  "project_info": {
    "project_number": "997228587501",
    "project_id": "tasky-manager-app",
    "storage_bucket": "tasky-manager-app.appspot.com"
  },
  "client": [
    {
      "client_info": {
        "mobilesdk_app_id": "1:997228587501:android:35e25abe5e337854f6dfe4",
        "android_client_info": {
          "package_name": "dev.etornam.tasky"
        }
      },
      "oauth_client": [
        {
          "client_id": "997228587501-11i1efim7uov55qhnqiab4v4jvjo2ql3.apps.googleusercontent.com",
          "client_type": 1,
          "android_info": {
            "package_name": "dev.etornam.tasky",
            "certificate_hash": "99b832bb7f046e93879ca6b772cfa1c79645652d"
          }
        },
        {
          "client_id": "997228587501-jbmin8dts1lrqmslnu18tnupo39beanr.apps.googleusercontent.com",
          "client_type": 3
        }
      ],
      "api_key": [
        {
          "current_key": "AIzaSyBLxKESbe7Cu_ptwJYMTcQD9rNwWicxAuo"
        }
      ],
      "services": {
        "appinvite_service": {
          "other_platform_oauth_client": [
            {
              "client_id": "997228587501-jbmin8dts1lrqmslnu18tnupo39beanr.apps.googleusercontent.com",
              "client_type": 3
            },
            {
              "client_id": "997228587501-14fgh7380recpq1hdu2timne4u0fdifo.apps.googleusercontent.com",
              "client_type": 2,
              "ios_info": {
                "bundle_id": "dev.etornam.taskyMobileApp"
              }
            }
          ]
        }
      }
    }
  ],
  "configuration_version": "1"
}